flight_date,flight_status,departure,arrival,airline,flight,aircraft,live
2025-09-09,scheduled,"{'airport': 'John F Kennedy International', 'timezone': 'America/New_York', 'iata': 'JFK', 'icao': 'KJFK', 'terminal': '8', 'gate': None, 'delay': 16, 'scheduled': '2025-09-09T07:50:00+00:00', 'estimated': '2025-09-09T07:50:00+00:00', 'actual': None, 'estimated_runway': None, 'actual_runway': None}","{'airport': 'Heathrow', 'timezone': 'Europe/London', 'iata': 'LHR', 'icao': 'EGLL', 'terminal': '5', 'gate': None, 'baggage': None, 'scheduled': '2025-09-09T19:45:00+00:00', 'delay': None, 'estimated': None, 'actual': None, 'estimated_runway': None, 'actual_runway': None}","{'name': 'British Airways', 'iata': 'BA', 'icao': 'BAW'}","{'number': '178', 'iata': 'BA178', 'icao': 'BAW178', 'codeshared': None}",,
2025-09-09,scheduled,"{'airport': 'John F Kennedy International', 'timezone': 'America/New_York', 'iata': 'JFK', 'icao': 'KJFK', 'terminal': '4', 'gate': 'A6', 'delay': None, 'scheduled': '2025-09-09T08:10:00+00:00', 'estimated': '2025-09-09T08:10:00+00:00', 'actual': None, 'estimated_runway': None, 'actual_runway': None}","{'airport': 'Heathrow', 'timezone': 'Europe/London', 'iata': 'LHR', 'icao': 'EGLL', 'terminal': '3', 'gate': None, 'baggage': None, 'scheduled': '2025-09-09T20:00:00+00:00', 'delay': None, 'estimated': None, 'actual': None, 'estimated_runway': None, 'actual_runway': None}","{'name': 'Virgin Atlantic', 'iata': 'VS', 'icao': 'VIR'}","{'number': '26', 'iata': 'VS26', 'icao': 'VIR26', 'codeshared': None}",,
2025-09-09,scheduled,"{'airport': 'John F Kennedy International', 'timezone': 'America/New_York', 'iata': 'JFK', 'icao': 'KJFK', 'terminal': '5', 'gate': '524', 'delay': None, 'scheduled': '2025-09-09T08:45:00+00:00', 'estimated': '2025-09-09T08:45:00+00:00', 'actual': None, 'estimated_runway': None, 'actual_runway': None}","{'airport': 'Heathrow', 'timezone': 'Europe/London', 'iata': 'LHR', 'icao': 'EGLL', 'terminal': '2', 'gate': None, 'baggage': None, 'scheduled': '2025-09-09T20:45:00+00:00', 'delay': None, 'estimated': None, 'actual': None, 'estimated_runway': None, 'actual_runway': None}","{'name': 'JetBlue Airways', 'iata': 'B6', 'icao': 'JBU'}","{'number': '1107', 'iata': 'B61107', 'icao': 'JBU1107', 'codeshared': None}",,
2025-09-09,scheduled,"{'airport': 'John F Kennedy International', 'timezone': 'America/New_York', 'iata': 'JFK', 'icao': 'KJFK', 'terminal': '8', 'gate': '12', 'delay': None, 'scheduled': '2025-09-09T09:50:00+00:00', 'estimated': '2025-09-09T09:50:00+00:00', 'actual': None, 'estimated_runway': None, 'actual_runway': None}","{'airport': 'Heathrow', 'timezone': 'Europe/London', 'iata': 'LHR', 'icao': 'EGLL', 'terminal': '3', 'gate': '35', 'baggage': None, 'scheduled': '2025-09-09T21:40:00+00:00', 'delay': None, 'estimated': None, 'actual': None, 'estimated_runway': None, 'actual_runway': None}","{'name': 'American Airlines', 'iata': 'AA', 'icao': 'AAL'}","{'number': '142', 'iata': 'AA142', 'icao': 'AAL142', 'codeshared': None}",,
2025-09-08,landed,"{'airport': 'John F Kennedy International', 'timezone': 'America/New_York', 'iata': 'JFK', 'icao': 'KJFK', 'terminal': '8', 'gate': None, 'delay': 19, 'scheduled': '2025-09-08T07:50:00+00:00', 'estimated': '2025-09-08T07:50:00+00:00', 'actual': '2025-09-08T08:09:00+00:00', 'estimated_runway': '2025-09-08T08:09:00+00:00', 'actual_runway': '2025-09-08T08:09:00+00:00'}","{'airport': 'Heathrow', 'timezone': 'Europe/London', 'iata': 'LHR', 'icao': 'EGLL', 'terminal': '5', 'gate': None, 'baggage': '9', 'scheduled': '2025-09-08T19:45:00+00:00', 'delay': None, 'estimated': '2025-09-08T19:00:00+00:00', 'actual': '2025-09-08T19:00:00+00:00', 'estimated_runway': '2025-09-08T19:00:00+00:00', 'actual_runway': '2025-09-08T19:00:00+00:00'}","{'name': 'Aer Lingus', 'iata': 'EI', 'icao': 'EIN'}","{'number': '8878', 'iata': 'EI8878', 'icao': 'EIN8878', 'codeshared': {'airline_name': 'british airways', 'airline_iata': 'ba', 'airline_icao': 'baw', 'flight_number': '178', 'flight_iata': 'ba178', 'flight_icao': 'baw178'}}",,
2025-09-08,landed,"{'airport': 'John F Kennedy International', 'timezone': 'America/New_York', 'iata': 'JFK', 'icao': 'KJFK', 'terminal': '8', 'gate': None, 'delay': 19, 'scheduled': '2025-09-08T07:50:00+00:00', 'estimated': '2025-09-08T07:50:00+00:00', 'actual': '2025-09-08T08:09:00+00:00', 'estimated_runway': '2025-09-08T08:09:00+00:00', 'actual_runway': '2025-09-08T08:09:00+00:00'}","{'airport': 'Heathrow', 'timezone': 'Europe/London', 'iata': 'LHR', 'icao': 'EGLL', 'terminal': '5', 'gate': None, 'baggage': '9', 'scheduled': '2025-09-08T19:45:00+00:00', 'delay': None, 'estimated': '2025-09-08T19:00:00+00:00', 'actual': '2025-09-08T19:00:00+00:00', 'estimated_runway': '2025-09-08T19:00:00+00:00', 'actual_runway': '2025-09-08T19:00:00+00:00'}","{'name': 'Finnair', 'iata': 'AY', 'icao': 'FIN'}","{'number': '5478', 'iata': 'AY5478', 'icao': 'FIN5478', 'codeshared': {'airline_name': 'british airways', 'airline_iata': 'ba', 'airline_icao': 'baw', 'flight_number': '178', 'flight_iata': 'ba178', 'flight_icao': 'baw178'}}",,
2025-09-08,landed,"{'airport': 'John F Kennedy International', 'timezone': 'America/New_York', 'iata': 'JFK', 'icao': 'KJFK', 'terminal': '8', 'gate': None, 'delay': 19, 'scheduled': '2025-09-08T07:50:00+00:00', 'estimated': '2025-09-08T07:50:00+00:00', 'actual': '2025-09-08T08:09:00+00:00', 'estimated_runway': '2025-09-08T08:09:00+00:00', 'actual_runway': '2025-09-08T08:09:00+00:00'}","{'airport': 'Heathrow', 'timezone': 'Europe/London', 'iata': 'LHR', 'icao': 'EGLL', 'terminal': '5', 'gate': None, 'baggage': '9', 'scheduled': '2025-09-08T19:45:00+00:00', 'delay': None, 'estimated': '2025-09-08T19:00:00+00:00', 'actual': '2025-09-08T19:00:00+00:00', 'estimated_runway': '2025-09-08T19:00:00+00:00', 'actual_runway': '2025-09-08T19:00:00+00:00'}","{'name': 'Iberia', 'iata': 'IB', 'icao': 'IBE'}","{'number': '3564', 'iata': 'IB3564', 'icao': 'IBE3564', 'codeshared': {'airline_name': 'british airways', 'airline_iata': 'ba', 'airline_icao': 'baw', 'flight_number': '178', 'flight_iata': 'ba178', 'flight_icao': 'baw178'}}",,
2025-09-08,landed,"{'airport': 'John F Kennedy International', 'timezone': 'America/New_York', 'iata': 'JFK', 'icao': 'KJFK', 'terminal': '8', 'gate': None, 'delay': 19, 'scheduled': '2025-09-08T07:50:00+00:00', 'estimated': '2025-09-08T07:50:00+00:00', 'actual': '2025-09-08T08:09:00+00:00', 'estimated_runway': '2025-09-08T08:09:00+00:00', 'actual_runway': '2025-09-08T08:09:00+00:00'}","{'airport': 'Heathrow', 'timezone': 'Europe/London', 'iata': 'LHR', 'icao': 'EGLL', 'terminal': '5', 'gate': None, 'baggage': '9', 'scheduled': '2025-09-08T19:45:00+00:00', 'delay': None, 'estimated': '2025-09-08T19:00:00+00:00', 'actual': '2025-09-08T19:00:00+00:00', 'estimated_runway': '2025-09-08T19:00:00+00:00', 'actual_runway': '2025-09-08T19:00:00+00:00'}","{'name': 'American Airlines', 'iata': 'AA', 'icao': 'AAL'}","{'number': '6939', 'iata': 'AA6939', 'icao': 'AAL6939', 'codeshared': {'airline_name': 'british airways', 'airline_iata': 'ba', 'airline_icao': 'baw', 'flight_number': '178', 'flight_iata': 'ba178', 'flight_icao': 'baw178'}}",,
2025-09-08,landed,"{'airport': 'John F Kennedy International', 'timezone': 'America/New_York', 'iata': 'JFK', 'icao': 'KJFK', 'terminal': '8', 'gate': None, 'delay': 19, 'scheduled': '2025-09-08T07:50:00+00:00', 'estimated': '2025-09-08T07:50:00+00:00', 'actual': '2025-09-08T08:09:00+00:00', 'estimated_runway': '2025-09-08T08:09:00+00:00', 'actual_runway': '2025-09-08T08:09:00+00:00'}","{'airport': 'Heathrow', 'timezone': 'Europe/London', 'iata': 'LHR', 'icao': 'EGLL', 'terminal': '5', 'gate': None, 'baggage': '9', 'scheduled': '2025-09-08T19:45:00+00:00', 'delay': None, 'estimated': '2025-09-08T19:00:00+00:00', 'actual': '2025-09-08T19:00:00+00:00', 'estimated_runway': '2025-09-08T19:00:00+00:00', 'actual_runway': '2025-09-08T19:00:00+00:00'}","{'name': 'AlphaSky', 'iata': 'AS', 'icao': 'JAG'}","{'number': '5262', 'iata': 'AS5262', 'icao': 'JAG5262', 'codeshared': {'airline_name': 'british airways', 'airline_iata': 'ba', 'airline_icao': 'baw', 'flight_number': '178', 'flight_iata': 'ba178', 'flight_icao': 'baw178'}}",,
2025-09-08,landed,"{'airport': 'John F Kennedy International', 'timezone': 'America/New_York', 'iata': 'JFK', 'icao': 'KJFK', 'terminal': '8', 'gate': None, 'delay': 19, 'scheduled': '2025-09-08T07:50:00+00:00', 'estimated': '2025-09-08T07:50:00+00:00', 'actual': '2025-09-08T08:09:00+00:00', 'estimated_runway': '2025-09-08T08:09:00+00:00', 'actual_runway': '2025-09-08T08:09:00+00:00'}","{'airport': 'Heathrow', 'timezone': 'Europe/London', 'iata': 'LHR', 'icao': 'EGLL', 'terminal': '5', 'gate': None, 'baggage': '9', 'scheduled': '2025-09-08T19:45:00+00:00', 'delay': None, 'estimated': '2025-09-08T19:00:00+00:00', 'actual': '2025-09-08T19:00:00+00:00', 'estimated_runway': '2025-09-08T19:00:00+00:00', 'actual_runway': '2025-09-08T19:00:00+00:00'}","{'name': 'British Airways', 'iata': 'BA', 'icao': 'BAW'}","{'number': '178', 'iata': 'BA178', 'icao': 'BAW178', 'codeshared': None}",,
2025-09-08,landed,"{'airport': 'John F Kennedy International', 'timezone': 'America/New_York', 'iata': 'JFK', 'icao': 'KJFK', 'terminal': '4', 'gate': 'A7', 'delay': 30, 'scheduled': '2025-09-08T08:10:00+00:00', 'estimated': '2025-09-08T08:10:00+00:00', 'actual': '2025-09-08T08:39:00+00:00', 'estimated_runway': '2025-09-08T08:39:00+00:00', 'actual_runway': '2025-09-08T08:39:00+00:00'}","{'airport': 'Heathrow', 'timezone': 'Europe/London', 'iata': 'LHR', 'icao': 'EGLL', 'terminal': '3', 'gate': None, 'baggage': '02', 'scheduled': '2025-09-08T20:00:00+00:00', 'delay': None, 'estimated': '2025-09-08T19:17:00+00:00', 'actual': '2025-09-08T19:17:00+00:00', 'estimated_runway': '2025-09-08T19:17:00+00:00', 'actual_runway': '2025-09-08T19:17:00+00:00'}","{'name': 'Air France', 'iata': 'AF', 'icao': 'AFR'}","{'number': '9656', 'iata': 'AF9656', 'icao': 'AFR9656', 'codeshared': {'airline_name': 'virgin atlantic', 'airline_iata': 'vs', 'airline_icao': 'vir', 'flight_number': '26', 'flight_iata': 'vs26', 'flight_icao': 'vir26'}}",,
2025-09-08,landed,"{'airport': 'John F Kennedy International', 'timezone': 'America/New_York', 'iata': 'JFK', 'icao': 'KJFK', 'terminal': '4', 'gate': 'A7', 'delay': 30, 'scheduled': '2025-09-08T08:10:00+00:00', 'estimated': '2025-09-08T08:10:00+00:00', 'actual': '2025-09-08T08:39:00+00:00', 'estimated_runway': '2025-09-08T08:39:00+00:00', 'actual_runway': '2025-09-08T08:39:00+00:00'}","{'airport': 'Heathrow', 'timezone': 'Europe/London', 'iata': 'LHR', 'icao': 'EGLL', 'terminal': '3', 'gate': None, 'baggage': '02', 'scheduled': '2025-09-08T20:00:00+00:00', 'delay': None, 'estimated': '2025-09-08T19:17:00+00:00', 'actual': '2025-09-08T19:17:00+00:00', 'estimated_runway': '2025-09-08T19:17:00+00:00', 'actual_runway': '2025-09-08T19:17:00+00:00'}","{'name': 'Delta Air Lines', 'iata': 'DL', 'icao': 'DAL'}","{'number': '5996', 'iata': 'DL5996', 'icao': 'DAL5996', 'codeshared': {'airline_name': 'virgin atlantic', 'airline_iata': 'vs', 'airline_icao': 'vir', 'flight_number': '26', 'flight_iata': 'vs26', 'flight_icao': 'vir26'}}",,
2025-09-08,landed,"{'airport': 'John F Kennedy International', 'timezone': 'America/New_York', 'iata': 'JFK', 'icao': 'KJFK', 'terminal': '4', 'gate': 'A7', 'delay': 30, 'scheduled': '2025-09-08T08:10:00+00:00', 'estimated': '2025-09-08T08:10:00+00:00', 'actual': '2025-09-08T08:39:00+00:00', 'estimated_runway': '2025-09-08T08:39:00+00:00', 'actual_runway': '2025-09-08T08:39:00+00:00'}","{'airport': 'Heathrow', 'timezone': 'Europe/London', 'iata': 'LHR', 'icao': 'EGLL', 'terminal': '3', 'gate': None, 'baggage': '02', 'scheduled': '2025-09-08T20:00:00+00:00', 'delay': None, 'estimated': '2025-09-08T19:17:00+00:00', 'actual': '2025-09-08T19:17:00+00:00', 'estimated_runway': '2025-09-08T19:17:00+00:00', 'actual_runway': '2025-09-08T19:17:00+00:00'}","{'name': 'KLM', 'iata': 'KL', 'icao': 'KLM'}","{'number': '2505', 'iata': 'KL2505', 'icao': 'KLM2505', 'codeshared': {'airline_name': 'virgin atlantic', 'airline_iata': 'vs', 'airline_icao': 'vir', 'flight_number': '26', 'flight_iata': 'vs26', 'flight_icao': 'vir26'}}",,
2025-09-08,landed,"{'airport': 'John F Kennedy International', 'timezone': 'America/New_York', 'iata': 'JFK', 'icao': 'KJFK', 'terminal': '4', 'gate': 'A7', 'delay': 30, 'scheduled': '2025-09-08T08:10:00+00:00', 'estimated': '2025-09-08T08:10:00+00:00', 'actual': '2025-09-08T08:39:00+00:00', 'estimated_runway': '2025-09-08T08:39:00+00:00', 'actual_runway': '2025-09-08T08:39:00+00:00'}","{'airport': 'Heathrow', 'timezone': 'Europe/London', 'iata': 'LHR', 'icao': 'EGLL', 'terminal': '3', 'gate': None, 'baggage': '02', 'scheduled': '2025-09-08T20:00:00+00:00', 'delay': None, 'estimated': '2025-09-08T19:17:00+00:00', 'actual': '2025-09-08T19:17:00+00:00', 'estimated_runway': '2025-09-08T19:17:00+00:00', 'actual_runway': '2025-09-08T19:17:00+00:00'}","{'name': 'Virgin Atlantic', 'iata': 'VS', 'icao': 'VIR'}","{'number': '26', 'iata': 'VS26', 'icao': 'VIR26', 'codeshared': None}",,
2025-09-08,landed,"{'airport': 'John F Kennedy International', 'timezone': 'America/New_York', 'iata': 'JFK', 'icao': 'KJFK', 'terminal': '5', 'gate': '524', 'delay': 13, 'scheduled': '2025-09-08T08:45:00+00:00', 'estimated': '2025-09-08T08:45:00+00:00', 'actual': '2025-09-08T08:58:00+00:00', 'estimated_runway': '2025-09-08T08:58:00+00:00', 'actual_runway': '2025-09-08T08:58:00+00:00'}","{'airport': 'Heathrow', 'timezone': 'Europe/London', 'iata': 'LHR', 'icao': 'EGLL', 'terminal': '2', 'gate': None, 'baggage': '6', 'scheduled': '2025-09-08T20:45:00+00:00', 'delay': None, 'estimated': '2025-09-08T19:48:00+00:00', 'actual': '2025-09-08T19:51:00+00:00', 'estimated_runway': '2025-09-08T19:51:00+00:00', 'actual_runway': '2025-09-08T19:51:00+00:00'}","{'name': 'JetBlue Airways', 'iata': 'B6', 'icao': 'JBU'}","{'number': '1107', 'iata': 'B61107', 'icao': 'JBU1107', 'codeshared': None}",,
2025-09-08,landed,"{'airport': 'John F Kennedy International', 'timezone': 'America/New_York', 'iata': 'JFK', 'icao': 'KJFK', 'terminal': '4', 'gate': 'B30', 'delay': 20, 'scheduled': '2025-09-08T21:55:00+00:00', 'estimated': '2025-09-08T21:55:00+00:00', 'actual': '2025-09-08T22:15:00+00:00', 'estimated_runway': '2025-09-08T22:15:00+00:00', 'actual_runway': '2025-09-08T22:15:00+00:00'}","{'airport': 'Heathrow', 'timezone': 'Europe/London', 'iata': 'LHR', 'icao': 'EGLL', 'terminal': '3', 'gate': '42', 'baggage': '06', 'scheduled': '2025-09-09T10:15:00+00:00', 'delay': None, 'estimated': '2025-09-09T09:33:00+00:00', 'actual': '2025-09-09T09:34:00+00:00', 'estimated_runway': '2025-09-09T09:34:00+00:00', 'actual_runway': '2025-09-09T09:34:00+00:00'}","{'name': 'Virgin Atlantic', 'iata': 'VS', 'icao': 'VIR'}","{'number': '4030', 'iata': 'VS4030', 'icao': 'VIR4030', 'codeshared': {'airline_name': 'delta air lines', 'airline_iata': 'dl', 'airline_icao': 'dal', 'flight_number': '3', 'flight_iata': 'dl3', 'flight_icao': 'dal3'}}",,
2025-09-08,landed,"{'airport': 'John F Kennedy International', 'timezone': 'America/New_York', 'iata': 'JFK', 'icao': 'KJFK', 'terminal': '4', 'gate': 'B30', 'delay': 20, 'scheduled': '2025-09-08T21:55:00+00:00', 'estimated': '2025-09-08T21:55:00+00:00', 'actual': '2025-09-08T22:15:00+00:00', 'estimated_runway': '2025-09-08T22:15:00+00:00', 'actual_runway': '2025-09-08T22:15:00+00:00'}","{'airport': 'Heathrow', 'timezone': 'Europe/London', 'iata': 'LHR', 'icao': 'EGLL', 'terminal': '3', 'gate': '42', 'baggage': '06', 'scheduled': '2025-09-09T10:15:00+00:00', 'delay': None, 'estimated': '2025-09-09T09:33:00+00:00', 'actual': '2025-09-09T09:34:00+00:00', 'estimated_runway': '2025-09-09T09:34:00+00:00', 'actual_runway': '2025-09-09T09:34:00+00:00'}","{'name': 'Air France', 'iata': 'AF', 'icao': 'AFR'}","{'number': '3662', 'iata': 'AF3662', 'icao': 'AFR3662', 'codeshared': {'airline_name': 'delta air lines', 'airline_iata': 'dl', 'airline_icao': 'dal', 'flight_number': '3', 'flight_iata': 'dl3', 'flight_icao': 'dal3'}}",,
2025-09-08,landed,"{'airport': 'John F Kennedy International', 'timezone': 'America/New_York', 'iata': 'JFK', 'icao': 'KJFK', 'terminal': '4', 'gate': 'B30', 'delay': 20, 'scheduled': '2025-09-08T21:55:00+00:00', 'estimated': '2025-09-08T21:55:00+00:00', 'actual': '2025-09-08T22:15:00+00:00', 'estimated_runway': '2025-09-08T22:15:00+00:00', 'actual_runway': '2025-09-08T22:15:00+00:00'}","{'airport': 'Heathrow', 'timezone': 'Europe/London', 'iata': 'LHR', 'icao': 'EGLL', 'terminal': '3', 'gate': '42', 'baggage': '06', 'scheduled': '2025-09-09T10:15:00+00:00', 'delay': None, 'estimated': '2025-09-09T09:33:00+00:00', 'actual': '2025-09-09T09:34:00+00:00', 'estimated_runway': '2025-09-09T09:34:00+00:00', 'actual_runway': '2025-09-09T09:34:00+00:00'}","{'name': 'KLM', 'iata': 'KL', 'icao': 'KLM'}","{'number': '6103', 'iata': 'KL6103', 'icao': 'KLM6103', 'codeshared': {'airline_name': 'delta air lines', 'airline_iata': 'dl', 'airline_icao': 'dal', 'flight_number': '3', 'flight_iata': 'dl3', 'flight_icao': 'dal3'}}",,
2025-09-08,landed,"{'airport': 'John F Kennedy International', 'timezone': 'America/New_York', 'iata': 'JFK', 'icao': 'KJFK', 'terminal': '4', 'gate': 'B30', 'delay': 20, 'scheduled': '2025-09-08T21:55:00+00:00', 'estimated': '2025-09-08T21:55:00+00:00', 'actual': '2025-09-08T22:15:00+00:00', 'estimated_runway': '2025-09-08T22:15:00+00:00', 'actual_runway': '2025-09-08T22:15:00+00:00'}","{'airport': 'Heathrow', 'timezone': 'Europe/London', 'iata': 'LHR', 'icao': 'EGLL', 'terminal': '3', 'gate': '42', 'baggage': '06', 'scheduled': '2025-09-09T10:15:00+00:00', 'delay': None, 'estimated': '2025-09-09T09:33:00+00:00', 'actual': '2025-09-09T09:34:00+00:00', 'estimated_runway': '2025-09-09T09:34:00+00:00', 'actual_runway': '2025-09-09T09:34:00+00:00'}","{'name': 'SAS', 'iata': 'SK', 'icao': 'SAS'}","{'number': '3973', 'iata': 'SK3973', 'icao': 'SAS3973', 'codeshared': {'airline_name': 'delta air lines', 'airline_iata': 'dl', 'airline_icao': 'dal', 'flight_number': '3', 'flight_iata': 'dl3', 'flight_icao': 'dal3'}}",,
2025-09-08,landed,"{'airport': 'John F Kennedy International', 'timezone': 'America/New_York', 'iata': 'JFK', 'icao': 'KJFK', 'terminal': '8', 'gate': '16', 'delay': 41, 'scheduled': '2025-09-08T22:55:00+00:00', 'estimated': '2025-09-08T22:55:00+00:00', 'actual': '2025-09-08T23:36:00+00:00', 'estimated_runway': '2025-09-08T23:36:00+00:00', 'actual_runway': '2025-09-08T23:36:00+00:00'}","{'airport': 'Heathrow', 'timezone': 'Europe/London', 'iata': 'LHR', 'icao': 'EGLL', 'terminal': '3', 'gate': '5', 'baggage': '10', 'scheduled': '2025-09-09T11:05:00+00:00', 'delay': None, 'estimated': '2025-09-09T10:40:00+00:00', 'actual': '2025-09-09T10:43:00+00:00', 'estimated_runway': '2025-09-09T10:43:00+00:00', 'actual_runway': '2025-09-09T10:43:00+00:00'}","{'name': 'AlphaSky', 'iata': 'AS', 'icao': 'JAG'}","{'number': '6906', 'iata': 'AS6906', 'icao': 'JAG6906', 'codeshared': {'airline_name': 'american airlines', 'airline_iata': 'aa', 'airline_icao': 'aal', 'flight_number': '104', 'flight_iata': 'aa104', 'flight_icao': 'aal104'}}",,
2025-09-08,landed,"{'airport': 'John F Kennedy International', 'timezone': 'America/New_York', 'iata': 'JFK', 'icao': 'KJFK', 'terminal': '8', 'gate': '16', 'delay': 41, 'scheduled': '2025-09-08T22:55:00+00:00', 'estimated': '2025-09-08T22:55:00+00:00', 'actual': '2025-09-08T23:36:00+00:00', 'estimated_runway': '2025-09-08T23:36:00+00:00', 'actual_runway': '2025-09-08T23:36:00+00:00'}","{'airport': 'Heathrow', 'timezone': 'Europe/London', 'iata': 'LHR', 'icao': 'EGLL', 'terminal': '3', 'gate': '5', 'baggage': '10', 'scheduled': '2025-09-09T11:05:00+00:00', 'delay': None, 'estimated': '2025-09-09T10:40:00+00:00', 'actual': '2025-09-09T10:43:00+00:00', 'estimated_runway': '2025-09-09T10:43:00+00:00', 'actual_runway': '2025-09-09T10:43:00+00:00'}","{'name': 'Finnair', 'iata': 'AY', 'icao': 'FIN'}","{'number': '4016', 'iata': 'AY4016', 'icao': 'FIN4016', 'codeshared': {'airline_name': 'american airlines', 'airline_iata': 'aa', 'airline_icao': 'aal', 'flight_number': '104', 'flight_iata': 'aa104', 'flight_icao': 'aal104'}}",,
2025-09-08,landed,"{'airport': 'John F Kennedy International', 'timezone': 'America/New_York', 'iata': 'JFK', 'icao': 'KJFK', 'terminal': '8', 'gate': '16', 'delay': 41, 'scheduled': '2025-09-08T22:55:00+00:00', 'estimated': '2025-09-08T22:55:00+00:00', 'actual': '2025-09-08T23:36:00+00:00', 'estimated_runway': '2025-09-08T23:36:00+00:00', 'actual_runway': '2025-09-08T23:36:00+00:00'}","{'airport': 'Heathrow', 'timezone': 'Europe/London', 'iata': 'LHR', 'icao': 'EGLL', 'terminal': '3', 'gate': '5', 'baggage': '10', 'scheduled': '2025-09-09T11:05:00+00:00', 'delay': None, 'estimated': '2025-09-09T10:40:00+00:00', 'actual': '2025-09-09T10:43:00+00:00', 'estimated_runway': '2025-09-09T10:43:00+00:00', 'actual_runway': '2025-09-09T10:43:00+00:00'}","{'name': 'British Airways', 'iata': 'BA', 'icao': 'BAW'}","{'number': '1515', 'iata': 'BA1515', 'icao': 'BAW1515', 'codeshared': {'airline_name': 'american airlines', 'airline_iata': 'aa', 'airline_icao': 'aal', 'flight_number': '104', 'flight_iata': 'aa104', 'flight_icao': 'aal104'}}",,
2025-09-08,landed,"{'airport': 'John F Kennedy International', 'timezone': 'America/New_York', 'iata': 'JFK', 'icao': 'KJFK', 'terminal': '8', 'gate': '16', 'delay': 41, 'scheduled': '2025-09-08T22:55:00+00:00', 'estimated': '2025-09-08T22:55:00+00:00', 'actual': '2025-09-08T23:36:00+00:00', 'estimated_runway': '2025-09-08T23:36:00+00:00', 'actual_runway': '2025-09-08T23:36:00+00:00'}","{'airport': 'Heathrow', 'timezone': 'Europe/London', 'iata': 'LHR', 'icao': 'EGLL', 'terminal': '3', 'gate': '5', 'baggage': '10', 'scheduled': '2025-09-09T11:05:00+00:00', 'delay': None, 'estimated': '2025-09-09T10:40:00+00:00', 'actual': '2025-09-09T10:43:00+00:00', 'estimated_runway': '2025-09-09T10:43:00+00:00', 'actual_runway': '2025-09-09T10:43:00+00:00'}","{'name': 'Gulf Air', 'iata': 'GF', 'icao': 'GFA'}","{'number': '6604', 'iata': 'GF6604', 'icao': 'GFA6604', 'codeshared': {'airline_name': 'american airlines', 'airline_iata': 'aa', 'airline_icao': 'aal', 'flight_number': '104', 'flight_iata': 'aa104', 'flight_icao': 'aal104'}}",,
2025-09-08,landed,"{'airport': 'John F Kennedy International', 'timezone': 'America/New_York', 'iata': 'JFK', 'icao': 'KJFK', 'terminal': '8', 'gate': '16', 'delay': 41, 'scheduled': '2025-09-08T22:55:00+00:00', 'estimated': '2025-09-08T22:55:00+00:00', 'actual': '2025-09-08T23:36:00+00:00', 'estimated_runway': '2025-09-08T23:36:00+00:00', 'actual_runway': '2025-09-08T23:36:00+00:00'}","{'airport': 'Heathrow', 'timezone': 'Europe/London', 'iata': 'LHR', 'icao': 'EGLL', 'terminal': '3', 'gate': '5', 'baggage': '10', 'scheduled': '2025-09-09T11:05:00+00:00', 'delay': None, 'estimated': '2025-09-09T10:40:00+00:00', 'actual': '2025-09-09T10:43:00+00:00', 'estimated_runway': '2025-09-09T10:43:00+00:00', 'actual_runway': '2025-09-09T10:43:00+00:00'}","{'name': 'Iberia', 'iata': 'IB', 'icao': 'IBE'}","{'number': '4220', 'iata': 'IB4220', 'icao': 'IBE4220', 'codeshared': {'airline_name': 'american airlines', 'airline_iata': 'aa', 'airline_icao': 'aal', 'flight_number': '104', 'flight_iata': 'aa104', 'flight_icao': 'aal104'}}",,
2025-09-08,landed,"{'airport': 'John F Kennedy International', 'timezone': 'America/New_York', 'iata': 'JFK', 'icao': 'KJFK', 'terminal': '8', 'gate': '16', 'delay': 41, 'scheduled': '2025-09-08T22:55:00+00:00', 'estimated': '2025-09-08T22:55:00+00:00', 'actual': '2025-09-08T23:36:00+00:00', 'estimated_runway': '2025-09-08T23:36:00+00:00', 'actual_runway': '2025-09-08T23:36:00+00:00'}","{'airport': 'Heathrow', 'timezone': 'Europe/London', 'iata': 'LHR', 'icao': 'EGLL', 'terminal': '3', 'gate': '5', 'baggage': '10', 'scheduled': '2025-09-09T11:05:00+00:00', 'delay': None, 'estimated': '2025-09-09T10:40:00+00:00', 'actual': '2025-09-09T10:43:00+00:00', 'estimated_runway': '2025-09-09T10:43:00+00:00', 'actual_runway': '2025-09-09T10:43:00+00:00'}","{'name': 'Royal Jordanian', 'iata': 'RJ', 'icao': 'RJA'}","{'number': '7082', 'iata': 'RJ7082', 'icao': 'RJA7082', 'codeshared': {'airline_name': 'american airlines', 'airline_iata': 'aa', 'airline_icao': 'aal', 'flight_number': '104', 'flight_iata': 'aa104', 'flight_icao': 'aal104'}}",,
2025-09-08,landed,"{'airport': 'John F Kennedy International', 'timezone': 'America/New_York', 'iata': 'JFK', 'icao': 'KJFK', 'terminal': '8', 'gate': '16', 'delay': 41, 'scheduled': '2025-09-08T22:55:00+00:00', 'estimated': '2025-09-08T22:55:00+00:00', 'actual': '2025-09-08T23:36:00+00:00', 'estimated_runway': '2025-09-08T23:36:00+00:00', 'actual_runway': '2025-09-08T23:36:00+00:00'}","{'airport': 'Heathrow', 'timezone': 'Europe/London', 'iata': 'LHR', 'icao': 'EGLL', 'terminal': '3', 'gate': '5', 'baggage': '10', 'scheduled': '2025-09-09T11:05:00+00:00', 'delay': None, 'estimated': '2025-09-09T10:40:00+00:00', 'actual': '2025-09-09T10:43:00+00:00', 'estimated_runway': '2025-09-09T10:43:00+00:00', 'actual_runway': '2025-09-09T10:43:00+00:00'}","{'name': 'SriLankan Airlines', 'iata': 'UL', 'icao': 'ALK'}","{'number': '2040', 'iata': 'UL2040', 'icao': 'ALK2040', 'codeshared': {'airline_name': 'american airlines', 'airline_iata': 'aa', 'airline_icao': 'aal', 'flight_number': '104', 'flight_iata': 'aa104', 'flight_icao': 'aal104'}}",,
2025-09-08,landed,"{'airport': 'John F Kennedy International', 'timezone': 'America/New_York', 'iata': 'JFK', 'icao': 'KJFK', 'terminal': '4', 'gate': 'A2', 'delay': 45, 'scheduled': '2025-09-08T19:00:00+00:00', 'estimated': '2025-09-08T19:00:00+00:00', 'actual': '2025-09-08T19:45:00+00:00', 'estimated_runway': '2025-09-08T19:45:00+00:00', 'actual_runway': '2025-09-08T19:45:00+00:00'}","{'airport': 'Heathrow', 'timezone': 'Europe/London', 'iata': 'LHR', 'icao': 'EGLL', 'terminal': '3', 'gate': None, 'baggage': '03', 'scheduled': '2025-09-09T07:15:00+00:00', 'delay': None, 'estimated': '2025-09-09T06:26:00+00:00', 'actual': '2025-09-09T06:27:00+00:00', 'estimated_runway': '2025-09-09T06:27:00+00:00', 'actual_runway': '2025-09-09T06:27:00+00:00'}","{'name': 'Air France', 'iata': 'AF', 'icao': 'AFR'}","{'number': '6759', 'iata': 'AF6759', 'icao': 'AFR6759', 'codeshared': {'airline_name': 'virgin atlantic', 'airline_iata': 'vs', 'airline_icao': 'vir', 'flight_number': '10', 'flight_iata': 'vs10', 'flight_icao': 'vir10'}}",,
2025-09-08,landed,"{'airport': 'John F Kennedy International', 'timezone': 'America/New_York', 'iata': 'JFK', 'icao': 'KJFK', 'terminal': '4', 'gate': 'A2', 'delay': 45, 'scheduled': '2025-09-08T19:00:00+00:00', 'estimated': '2025-09-08T19:00:00+00:00', 'actual': '2025-09-08T19:45:00+00:00', 'estimated_runway': '2025-09-08T19:45:00+00:00', 'actual_runway': '2025-09-08T19:45:00+00:00'}","{'airport': 'Heathrow', 'timezone': 'Europe/London', 'iata': 'LHR', 'icao': 'EGLL', 'terminal': '3', 'gate': None, 'baggage': '03', 'scheduled': '2025-09-09T07:15:00+00:00', 'delay': None, 'estimated': '2025-09-09T06:26:00+00:00', 'actual': '2025-09-09T06:27:00+00:00', 'estimated_runway': '2025-09-09T06:27:00+00:00', 'actual_runway': '2025-09-09T06:27:00+00:00'}","{'name': 'Delta Air Lines', 'iata': 'DL', 'icao': 'DAL'}","{'number': '5990', 'iata': 'DL5990', 'icao': 'DAL5990', 'codeshared': {'airline_name': 'virgin atlantic', 'airline_iata': 'vs', 'airline_icao': 'vir', 'flight_number': '10', 'flight_iata': 'vs10', 'flight_icao': 'vir10'}}",,
2025-09-08,landed,"{'airport': 'John F Kennedy International', 'timezone': 'America/New_York', 'iata': 'JFK', 'icao': 'KJFK', 'terminal': '4', 'gate': 'A2', 'delay': 45, 'scheduled': '2025-09-08T19:00:00+00:00', 'estimated': '2025-09-08T19:00:00+00:00', 'actual': '2025-09-08T19:45:00+00:00', 'estimated_runway': '2025-09-08T19:45:00+00:00', 'actual_runway': '2025-09-08T19:45:00+00:00'}","{'airport': 'Heathrow', 'timezone': 'Europe/London', 'iata': 'LHR', 'icao': 'EGLL', 'terminal': '3', 'gate': None, 'baggage': '03', 'scheduled': '2025-09-09T07:15:00+00:00', 'delay': None, 'estimated': '2025-09-09T06:26:00+00:00', 'actual': '2025-09-09T06:27:00+00:00', 'estimated_runway': '2025-09-09T06:27:00+00:00', 'actual_runway': '2025-09-09T06:27:00+00:00'}","{'name': 'KLM', 'iata': 'KL', 'icao': 'KLM'}","{'number': '2503', 'iata': 'KL2503', 'icao': 'KLM2503', 'codeshared': {'airline_name': 'virgin atlantic', 'airline_iata': 'vs', 'airline_icao': 'vir', 'flight_number': '10', 'flight_iata': 'vs10', 'flight_icao': 'vir10'}}",,
2025-09-08,landed,"{'airport': 'John F Kennedy International', 'timezone': 'America/New_York', 'iata': 'JFK', 'icao': 'KJFK', 'terminal': '4', 'gate': 'A2', 'delay': 45, 'scheduled': '2025-09-08T19:00:00+00:00', 'estimated': '2025-09-08T19:00:00+00:00', 'actual': '2025-09-08T19:45:00+00:00', 'estimated_runway': '2025-09-08T19:45:00+00:00', 'actual_runway': '2025-09-08T19:45:00+00:00'}","{'airport': 'Heathrow', 'timezone': 'Europe/London', 'iata': 'LHR', 'icao': 'EGLL', 'terminal': '3', 'gate': None, 'baggage': '03', 'scheduled': '2025-09-09T07:15:00+00:00', 'delay': None, 'estimated': '2025-09-09T06:26:00+00:00', 'actual': '2025-09-09T06:27:00+00:00', 'estimated_runway': '2025-09-09T06:27:00+00:00', 'actual_runway': '2025-09-09T06:27:00+00:00'}","{'name': 'Virgin Atlantic', 'iata': 'VS', 'icao': 'VIR'}","{'number': '10', 'iata': 'VS10', 'icao': 'VIR10', 'codeshared': None}",,
2025-09-08,landed,"{'airport': 'John F Kennedy International', 'timezone': 'America/New_York', 'iata': 'JFK', 'icao': 'KJFK', 'terminal': '8', 'gate': '31', 'delay': 30, 'scheduled': '2025-09-08T19:30:00+00:00', 'estimated': '2025-09-08T19:30:00+00:00', 'actual': '2025-09-08T19:59:00+00:00', 'estimated_runway': '2025-09-08T19:59:00+00:00', 'actual_runway': '2025-09-08T19:59:00+00:00'}","{'airport': 'Heathrow', 'timezone': 'Europe/London', 'iata': 'LHR', 'icao': 'EGLL', 'terminal': '3', 'gate': '27', 'baggage': '07', 'scheduled': '2025-09-09T07:45:00+00:00', 'delay': None, 'estimated': '2025-09-09T07:06:00+00:00', 'actual': '2025-09-09T07:07:00+00:00', 'estimated_runway': '2025-09-09T07:07:00+00:00', 'actual_runway': '2025-09-09T07:07:00+00:00'}","{'name': 'AlphaSky', 'iata': 'AS', 'icao': 'JAG'}","{'number': '6922', 'iata': 'AS6922', 'icao': 'JAG6922', 'codeshared': {'airline_name': 'american airlines', 'airline_iata': 'aa', 'airline_icao': 'aal', 'flight_number': '106', 'flight_iata': 'aa106', 'flight_icao': 'aal106'}}",,
2025-09-08,landed,"{'airport': 'John F Kennedy International', 'timezone': 'America/New_York', 'iata': 'JFK', 'icao': 'KJFK', 'terminal': '8', 'gate': '31', 'delay': 30, 'scheduled': '2025-09-08T19:30:00+00:00', 'estimated': '2025-09-08T19:30:00+00:00', 'actual': '2025-09-08T19:59:00+00:00', 'estimated_runway': '2025-09-08T19:59:00+00:00', 'actual_runway': '2025-09-08T19:59:00+00:00'}","{'airport': 'Heathrow', 'timezone': 'Europe/London', 'iata': 'LHR', 'icao': 'EGLL', 'terminal': '3', 'gate': '27', 'baggage': '07', 'scheduled': '2025-09-09T07:45:00+00:00', 'delay': None, 'estimated': '2025-09-09T07:06:00+00:00', 'actual': '2025-09-09T07:07:00+00:00', 'estimated_runway': '2025-09-09T07:07:00+00:00', 'actual_runway': '2025-09-09T07:07:00+00:00'}","{'name': 'Finnair', 'iata': 'AY', 'icao': 'FIN'}","{'number': '4018', 'iata': 'AY4018', 'icao': 'FIN4018', 'codeshared': {'airline_name': 'american airlines', 'airline_iata': 'aa', 'airline_icao': 'aal', 'flight_number': '106', 'flight_iata': 'aa106', 'flight_icao': 'aal106'}}",,
2025-09-08,landed,"{'airport': 'John F Kennedy International', 'timezone': 'America/New_York', 'iata': 'JFK', 'icao': 'KJFK', 'terminal': '8', 'gate': '31', 'delay': 30, 'scheduled': '2025-09-08T19:30:00+00:00', 'estimated': '2025-09-08T19:30:00+00:00', 'actual': '2025-09-08T19:59:00+00:00', 'estimated_runway': '2025-09-08T19:59:00+00:00', 'actual_runway': '2025-09-08T19:59:00+00:00'}","{'airport': 'Heathrow', 'timezone': 'Europe/London', 'iata': 'LHR', 'icao': 'EGLL', 'terminal': '3', 'gate': '27', 'baggage': '07', 'scheduled': '2025-09-09T07:45:00+00:00', 'delay': None, 'estimated': '2025-09-09T07:06:00+00:00', 'actual': '2025-09-09T07:07:00+00:00', 'estimated_runway': '2025-09-09T07:07:00+00:00', 'actual_runway': '2025-09-09T07:07:00+00:00'}","{'name': 'British Airways', 'iata': 'BA', 'icao': 'BAW'}","{'number': '1517', 'iata': 'BA1517', 'icao': 'BAW1517', 'codeshared': {'airline_name': 'american airlines', 'airline_iata': 'aa', 'airline_icao': 'aal', 'flight_number': '106', 'flight_iata': 'aa106', 'flight_icao': 'aal106'}}",,
2025-09-08,landed,"{'airport': 'John F Kennedy International', 'timezone': 'America/New_York', 'iata': 'JFK', 'icao': 'KJFK', 'terminal': '8', 'gate': '31', 'delay': 30, 'scheduled': '2025-09-08T19:30:00+00:00', 'estimated': '2025-09-08T19:30:00+00:00', 'actual': '2025-09-08T19:59:00+00:00', 'estimated_runway': '2025-09-08T19:59:00+00:00', 'actual_runway': '2025-09-08T19:59:00+00:00'}","{'airport': 'Heathrow', 'timezone': 'Europe/London', 'iata': 'LHR', 'icao': 'EGLL', 'terminal': '3', 'gate': '27', 'baggage': '07', 'scheduled': '2025-09-09T07:45:00+00:00', 'delay': None, 'estimated': '2025-09-09T07:06:00+00:00', 'actual': '2025-09-09T07:07:00+00:00', 'estimated_runway': '2025-09-09T07:07:00+00:00', 'actual_runway': '2025-09-09T07:07:00+00:00'}","{'name': 'Gulf Air', 'iata': 'GF', 'icao': 'GFA'}","{'number': '6616', 'iata': 'GF6616', 'icao': 'GFA6616', 'codeshared': {'airline_name': 'american airlines', 'airline_iata': 'aa', 'airline_icao': 'aal', 'flight_number': '106', 'flight_iata': 'aa106', 'flight_icao': 'aal106'}}",,
2025-09-08,landed,"{'airport': 'John F Kennedy International', 'timezone': 'America/New_York', 'iata': 'JFK', 'icao': 'KJFK', 'terminal': '8', 'gate': '31', 'delay': 30, 'scheduled': '2025-09-08T19:30:00+00:00', 'estimated': '2025-09-08T19:30:00+00:00', 'actual': '2025-09-08T19:59:00+00:00', 'estimated_runway': '2025-09-08T19:59:00+00:00', 'actual_runway': '2025-09-08T19:59:00+00:00'}","{'airport': 'Heathrow', 'timezone': 'Europe/London', 'iata': 'LHR', 'icao': 'EGLL', 'terminal': '3', 'gate': '27', 'baggage': '07', 'scheduled': '2025-09-09T07:45:00+00:00', 'delay': None, 'estimated': '2025-09-09T07:06:00+00:00', 'actual': '2025-09-09T07:07:00+00:00', 'estimated_runway': '2025-09-09T07:07:00+00:00', 'actual_runway': '2025-09-09T07:07:00+00:00'}","{'name': 'Iberia', 'iata': 'IB', 'icao': 'IBE'}","{'number': '4222', 'iata': 'IB4222', 'icao': 'IBE4222', 'codeshared': {'airline_name': 'american airlines', 'airline_iata': 'aa', 'airline_icao': 'aal', 'flight_number': '106', 'flight_iata': 'aa106', 'flight_icao': 'aal106'}}",,
2025-09-08,landed,"{'airport': 'John F Kennedy International', 'timezone': 'America/New_York', 'iata': 'JFK', 'icao': 'KJFK', 'terminal': '8', 'gate': '31', 'delay': 30, 'scheduled': '2025-09-08T19:30:00+00:00', 'estimated': '2025-09-08T19:30:00+00:00', 'actual': '2025-09-08T19:59:00+00:00', 'estimated_runway': '2025-09-08T19:59:00+00:00', 'actual_runway': '2025-09-08T19:59:00+00:00'}","{'airport': 'Heathrow', 'timezone': 'Europe/London', 'iata': 'LHR', 'icao': 'EGLL', 'terminal': '3', 'gate': '27', 'baggage': '07', 'scheduled': '2025-09-09T07:45:00+00:00', 'delay': None, 'estimated': '2025-09-09T07:06:00+00:00', 'actual': '2025-09-09T07:07:00+00:00', 'estimated_runway': '2025-09-09T07:07:00+00:00', 'actual_runway': '2025-09-09T07:07:00+00:00'}","{'name': 'Malaysia Airlines', 'iata': 'MH', 'icao': 'MAS'}","{'number': '9410', 'iata': 'MH9410', 'icao': 'MAS9410', 'codeshared': {'airline_name': 'american airlines', 'airline_iata': 'aa', 'airline_icao': 'aal', 'flight_number': '106', 'flight_iata': 'aa106', 'flight_icao': 'aal106'}}",,
2025-09-08,landed,"{'airport': 'John F Kennedy International', 'timezone': 'America/New_York', 'iata': 'JFK', 'icao': 'KJFK', 'terminal': '8', 'gate': '31', 'delay': 30, 'scheduled': '2025-09-08T19:30:00+00:00', 'estimated': '2025-09-08T19:30:00+00:00', 'actual': '2025-09-08T19:59:00+00:00', 'estimated_runway': '2025-09-08T19:59:00+00:00', 'actual_runway': '2025-09-08T19:59:00+00:00'}","{'airport': 'Heathrow', 'timezone': 'Europe/London', 'iata': 'LHR', 'icao': 'EGLL', 'terminal': '3', 'gate': '27', 'baggage': '07', 'scheduled': '2025-09-09T07:45:00+00:00', 'delay': None, 'estimated': '2025-09-09T07:06:00+00:00', 'actual': '2025-09-09T07:07:00+00:00', 'estimated_runway': '2025-09-09T07:07:00+00:00', 'actual_runway': '2025-09-09T07:07:00+00:00'}","{'name': 'SriLankan Airlines', 'iata': 'UL', 'icao': 'ALK'}","{'number': '2020', 'iata': 'UL2020', 'icao': 'ALK2020', 'codeshared': {'airline_name': 'american airlines', 'airline_iata': 'aa', 'airline_icao': 'aal', 'flight_number': '106', 'flight_iata': 'aa106', 'flight_icao': 'aal106'}}",,
2025-09-08,landed,"{'airport': 'John F Kennedy International', 'timezone': 'America/New_York', 'iata': 'JFK', 'icao': 'KJFK', 'terminal': '8', 'gate': '31', 'delay': 30, 'scheduled': '2025-09-08T19:30:00+00:00', 'estimated': '2025-09-08T19:30:00+00:00', 'actual': '2025-09-08T19:59:00+00:00', 'estimated_runway': '2025-09-08T19:59:00+00:00', 'actual_runway': '2025-09-08T19:59:00+00:00'}","{'airport': 'Heathrow', 'timezone': 'Europe/London', 'iata': 'LHR', 'icao': 'EGLL', 'terminal': '3', 'gate': '27', 'baggage': '07', 'scheduled': '2025-09-09T07:45:00+00:00', 'delay': None, 'estimated': '2025-09-09T07:06:00+00:00', 'actual': '2025-09-09T07:07:00+00:00', 'estimated_runway': '2025-09-09T07:07:00+00:00', 'actual_runway': '2025-09-09T07:07:00+00:00'}","{'name': 'American Airlines', 'iata': 'AA', 'icao': 'AAL'}","{'number': '106', 'iata': 'AA106', 'icao': 'AAL106', 'codeshared': None}",,
2025-09-08,landed,"{'airport': 'John F Kennedy International', 'timezone': 'America/New_York', 'iata': 'JFK', 'icao': 'KJFK', 'terminal': '8', 'gate': None, 'delay': 37, 'scheduled': '2025-09-08T19:30:00+00:00', 'estimated': '2025-09-08T19:30:00+00:00', 'actual': '2025-09-08T20:07:00+00:00', 'estimated_runway': '2025-09-08T20:07:00+00:00', 'actual_runway': '2025-09-08T20:07:00+00:00'}","{'airport': 'Heathrow', 'timezone': 'Europe/London', 'iata': 'LHR', 'icao': 'EGLL', 'terminal': '5', 'gate': None, 'baggage': '8', 'scheduled': '2025-09-09T07:45:00+00:00', 'delay': None, 'estimated': '2025-09-09T06:45:00+00:00', 'actual': '2025-09-09T06:49:00+00:00', 'estimated_runway': '2025-09-09T06:49:00+00:00', 'actual_runway': '2025-09-09T06:49:00+00:00'}","{'name': 'Finnair', 'iata': 'AY', 'icao': 'FIN'}","{'number': '5476', 'iata': 'AY5476', 'icao': 'FIN5476', 'codeshared': {'airline_name': 'british airways', 'airline_iata': 'ba', 'airline_icao': 'baw', 'flight_number': '176', 'flight_iata': 'ba176', 'flight_icao': 'baw176'}}",,
2025-09-08,landed,"{'airport': 'John F Kennedy International', 'timezone': 'America/New_York', 'iata': 'JFK', 'icao': 'KJFK', 'terminal': '8', 'gate': None, 'delay': 37, 'scheduled': '2025-09-08T19:30:00+00:00', 'estimated': '2025-09-08T19:30:00+00:00', 'actual': '2025-09-08T20:07:00+00:00', 'estimated_runway': '2025-09-08T20:07:00+00:00', 'actual_runway': '2025-09-08T20:07:00+00:00'}","{'airport': 'Heathrow', 'timezone': 'Europe/London', 'iata': 'LHR', 'icao': 'EGLL', 'terminal': '5', 'gate': None, 'baggage': '8', 'scheduled': '2025-09-09T07:45:00+00:00', 'delay': None, 'estimated': '2025-09-09T06:45:00+00:00', 'actual': '2025-09-09T06:49:00+00:00', 'estimated_runway': '2025-09-09T06:49:00+00:00', 'actual_runway': '2025-09-09T06:49:00+00:00'}","{'name': 'Aer Lingus', 'iata': 'EI', 'icao': 'EIN'}","{'number': '8876', 'iata': 'EI8876', 'icao': 'EIN8876', 'codeshared': {'airline_name': 'british airways', 'airline_iata': 'ba', 'airline_icao': 'baw', 'flight_number': '176', 'flight_iata': 'ba176', 'flight_icao': 'baw176'}}",,
2025-09-08,landed,"{'airport': 'John F Kennedy International', 'timezone': 'America/New_York', 'iata': 'JFK', 'icao': 'KJFK', 'terminal': '8', 'gate': None, 'delay': 37, 'scheduled': '2025-09-08T19:30:00+00:00', 'estimated': '2025-09-08T19:30:00+00:00', 'actual': '2025-09-08T20:07:00+00:00', 'estimated_runway': '2025-09-08T20:07:00+00:00', 'actual_runway': '2025-09-08T20:07:00+00:00'}","{'airport': 'Heathrow', 'timezone': 'Europe/London', 'iata': 'LHR', 'icao': 'EGLL', 'terminal': '5', 'gate': None, 'baggage': '8', 'scheduled': '2025-09-09T07:45:00+00:00', 'delay': None, 'estimated': '2025-09-09T06:45:00+00:00', 'actual': '2025-09-09T06:49:00+00:00', 'estimated_runway': '2025-09-09T06:49:00+00:00', 'actual_runway': '2025-09-09T06:49:00+00:00'}","{'name': 'Iberia', 'iata': 'IB', 'icao': 'IBE'}","{'number': '3562', 'iata': 'IB3562', 'icao': 'IBE3562', 'codeshared': {'airline_name': 'british airways', 'airline_iata': 'ba', 'airline_icao': 'baw', 'flight_number': '176', 'flight_iata': 'ba176', 'flight_icao': 'baw176'}}",,
2025-09-08,landed,"{'airport': 'John F Kennedy International', 'timezone': 'America/New_York', 'iata': 'JFK', 'icao': 'KJFK', 'terminal': '8', 'gate': None, 'delay': 37, 'scheduled': '2025-09-08T19:30:00+00:00', 'estimated': '2025-09-08T19:30:00+00:00', 'actual': '2025-09-08T20:07:00+00:00', 'estimated_runway': '2025-09-08T20:07:00+00:00', 'actual_runway': '2025-09-08T20:07:00+00:00'}","{'airport': 'Heathrow', 'timezone': 'Europe/London', 'iata': 'LHR', 'icao': 'EGLL', 'terminal': '5', 'gate': None, 'baggage': '8', 'scheduled': '2025-09-09T07:45:00+00:00', 'delay': None, 'estimated': '2025-09-09T06:45:00+00:00', 'actual': '2025-09-09T06:49:00+00:00', 'estimated_runway': '2025-09-09T06:49:00+00:00', 'actual_runway': '2025-09-09T06:49:00+00:00'}","{'name': 'American Airlines', 'iata': 'AA', 'icao': 'AAL'}","{'number': '6937', 'iata': 'AA6937', 'icao': 'AAL6937', 'codeshared': {'airline_name': 'british airways', 'airline_iata': 'ba', 'airline_icao': 'baw', 'flight_number': '176', 'flight_iata': 'ba176', 'flight_icao': 'baw176'}}",,
2025-09-08,landed,"{'airport': 'John F Kennedy International', 'timezone': 'America/New_York', 'iata': 'JFK', 'icao': 'KJFK', 'terminal': '8', 'gate': None, 'delay': 37, 'scheduled': '2025-09-08T19:30:00+00:00', 'estimated': '2025-09-08T19:30:00+00:00', 'actual': '2025-09-08T20:07:00+00:00', 'estimated_runway': '2025-09-08T20:07:00+00:00', 'actual_runway': '2025-09-08T20:07:00+00:00'}","{'airport': 'Heathrow', 'timezone': 'Europe/London', 'iata': 'LHR', 'icao': 'EGLL', 'terminal': '5', 'gate': None, 'baggage': '8', 'scheduled': '2025-09-09T07:45:00+00:00', 'delay': None, 'estimated': '2025-09-09T06:45:00+00:00', 'actual': '2025-09-09T06:49:00+00:00', 'estimated_runway': '2025-09-09T06:49:00+00:00', 'actual_runway': '2025-09-09T06:49:00+00:00'}","{'name': 'AlphaSky', 'iata': 'AS', 'icao': 'JAG'}","{'number': '5260', 'iata': 'AS5260', 'icao': 'JAG5260', 'codeshared': {'airline_name': 'british airways', 'airline_iata': 'ba', 'airline_icao': 'baw', 'flight_number': '176', 'flight_iata': 'ba176', 'flight_icao': 'baw176'}}",,
2025-09-08,landed,"{'airport': 'John F Kennedy International', 'timezone': 'America/New_York', 'iata': 'JFK', 'icao': 'KJFK', 'terminal': '8', 'gate': None, 'delay': 37, 'scheduled': '2025-09-08T19:30:00+00:00', 'estimated': '2025-09-08T19:30:00+00:00', 'actual': '2025-09-08T20:07:00+00:00', 'estimated_runway': '2025-09-08T20:07:00+00:00', 'actual_runway': '2025-09-08T20:07:00+00:00'}","{'airport': 'Heathrow', 'timezone': 'Europe/London', 'iata': 'LHR', 'icao': 'EGLL', 'terminal': '5', 'gate': None, 'baggage': '8', 'scheduled': '2025-09-09T07:45:00+00:00', 'delay': None, 'estimated': '2025-09-09T06:45:00+00:00', 'actual': '2025-09-09T06:49:00+00:00', 'estimated_runway': '2025-09-09T06:49:00+00:00', 'actual_runway': '2025-09-09T06:49:00+00:00'}","{'name': 'British Airways', 'iata': 'BA', 'icao': 'BAW'}","{'number': '176', 'iata': 'BA176', 'icao': 'BAW176', 'codeshared': None}",,
2025-09-08,landed,"{'airport': 'John F Kennedy International', 'timezone': 'America/New_York', 'iata': 'JFK', 'icao': 'KJFK', 'terminal': '4', 'gate': 'A2', 'delay': 38, 'scheduled': '2025-09-08T21:00:00+00:00', 'estimated': '2025-09-08T21:00:00+00:00', 'actual': '2025-09-08T21:37:00+00:00', 'estimated_runway': '2025-09-08T21:37:00+00:00', 'actual_runway': '2025-09-08T21:37:00+00:00'}","{'airport': 'Heathrow', 'timezone': 'Europe/London', 'iata': 'LHR', 'icao': 'EGLL', 'terminal': '3', 'gate': None, 'baggage': '01', 'scheduled': '2025-09-09T09:15:00+00:00', 'delay': None, 'estimated': '2025-09-09T08:13:00+00:00', 'actual': '2025-09-09T08:18:00+00:00', 'estimated_runway': '2025-09-09T08:18:00+00:00', 'actual_runway': '2025-09-09T08:18:00+00:00'}","{'name': 'Air France', 'iata': 'AF', 'icao': 'AFR'}","{'number': '9664', 'iata': 'AF9664', 'icao': 'AFR9664', 'codeshared': {'airline_name': 'virgin atlantic', 'airline_iata': 'vs', 'airline_icao': 'vir', 'flight_number': '46', 'flight_iata': 'vs46', 'flight_icao': 'vir46'}}",,
2025-09-08,landed,"{'airport': 'John F Kennedy International', 'timezone': 'America/New_York', 'iata': 'JFK', 'icao': 'KJFK', 'terminal': '4', 'gate': 'A2', 'delay': 38, 'scheduled': '2025-09-08T21:00:00+00:00', 'estimated': '2025-09-08T21:00:00+00:00', 'actual': '2025-09-08T21:37:00+00:00', 'estimated_runway': '2025-09-08T21:37:00+00:00', 'actual_runway': '2025-09-08T21:37:00+00:00'}","{'airport': 'Heathrow', 'timezone': 'Europe/London', 'iata': 'LHR', 'icao': 'EGLL', 'terminal': '3', 'gate': None, 'baggage': '01', 'scheduled': '2025-09-09T09:15:00+00:00', 'delay': None, 'estimated': '2025-09-09T08:13:00+00:00', 'actual': '2025-09-09T08:18:00+00:00', 'estimated_runway': '2025-09-09T08:18:00+00:00', 'actual_runway': '2025-09-09T08:18:00+00:00'}","{'name': 'Delta Air Lines', 'iata': 'DL', 'icao': 'DAL'}","{'number': '5992', 'iata': 'DL5992', 'icao': 'DAL5992', 'codeshared': {'airline_name': 'virgin atlantic', 'airline_iata': 'vs', 'airline_icao': 'vir', 'flight_number': '46', 'flight_iata': 'vs46', 'flight_icao': 'vir46'}}",,
2025-09-08,landed,"{'airport': 'John F Kennedy International', 'timezone': 'America/New_York', 'iata': 'JFK', 'icao': 'KJFK', 'terminal': '4', 'gate': 'A2', 'delay': 38, 'scheduled': '2025-09-08T21:00:00+00:00', 'estimated': '2025-09-08T21:00:00+00:00', 'actual': '2025-09-08T21:37:00+00:00', 'estimated_runway': '2025-09-08T21:37:00+00:00', 'actual_runway': '2025-09-08T21:37:00+00:00'}","{'airport': 'Heathrow', 'timezone': 'Europe/London', 'iata': 'LHR', 'icao': 'EGLL', 'terminal': '3', 'gate': None, 'baggage': '01', 'scheduled': '2025-09-09T09:15:00+00:00', 'delay': None, 'estimated': '2025-09-09T08:13:00+00:00', 'actual': '2025-09-09T08:18:00+00:00', 'estimated_runway': '2025-09-09T08:18:00+00:00', 'actual_runway': '2025-09-09T08:18:00+00:00'}","{'name': 'KLM', 'iata': 'KL', 'icao': 'KLM'}","{'number': '4831', 'iata': 'KL4831', 'icao': 'KLM4831', 'codeshared': {'airline_name': 'virgin atlantic', 'airline_iata': 'vs', 'airline_icao': 'vir', 'flight_number': '46', 'flight_iata': 'vs46', 'flight_icao': 'vir46'}}",,
2025-09-08,landed,"{'airport': 'John F Kennedy International', 'timezone': 'America/New_York', 'iata': 'JFK', 'icao': 'KJFK', 'terminal': '4', 'gate': 'A2', 'delay': 38, 'scheduled': '2025-09-08T21:00:00+00:00', 'estimated': '2025-09-08T21:00:00+00:00', 'actual': '2025-09-08T21:37:00+00:00', 'estimated_runway': '2025-09-08T21:37:00+00:00', 'actual_runway': '2025-09-08T21:37:00+00:00'}","{'airport': 'Heathrow', 'timezone': 'Europe/London', 'iata': 'LHR', 'icao': 'EGLL', 'terminal': '3', 'gate': None, 'baggage': '01', 'scheduled': '2025-09-09T09:15:00+00:00', 'delay': None, 'estimated': '2025-09-09T08:13:00+00:00', 'actual': '2025-09-09T08:18:00+00:00', 'estimated_runway': '2025-09-09T08:18:00+00:00', 'actual_runway': '2025-09-09T08:18:00+00:00'}","{'name': 'Virgin Atlantic', 'iata': 'VS', 'icao': 'VIR'}","{'number': '46', 'iata': 'VS46', 'icao': 'VIR46', 'codeshared': None}",,
2025-09-08,landed,"{'airport': 'John F Kennedy International', 'timezone': 'America/New_York', 'iata': 'JFK', 'icao': 'KJFK', 'terminal': '5', 'gate': '515', 'delay': 54, 'scheduled': '2025-09-08T20:59:00+00:00', 'estimated': '2025-09-08T20:59:00+00:00', 'actual': '2025-09-08T21:53:00+00:00', 'estimated_runway': '2025-09-08T21:53:00+00:00', 'actual_runway': '2025-09-08T21:53:00+00:00'}","{'airport': 'Heathrow', 'timezone': 'Europe/London', 'iata': 'LHR', 'icao': 'EGLL', 'terminal': '2', 'gate': 'A17', 'baggage': '8', 'scheduled': '2025-09-09T09:30:00+00:00', 'delay': None, 'estimated': '2025-09-09T08:49:00+00:00', 'actual': '2025-09-09T08:49:00+00:00', 'estimated_runway': '2025-09-09T08:49:00+00:00', 'actual_runway': '2025-09-09T08:49:00+00:00'}","{'name': 'TAP Air Portugal', 'iata': 'TP', 'icao': 'TAP'}","{'number': '4442', 'iata': 'TP4442', 'icao': 'TAP4442', 'codeshared': {'airline_name': 'jetblue airways', 'airline_iata': 'b6', 'airline_icao': 'jbu', 'flight_number': '7', 'flight_iata': 'b67', 'flight_icao': 'jbu7'}}",,
2025-09-08,landed,"{'airport': 'John F Kennedy International', 'timezone': 'America/New_York', 'iata': 'JFK', 'icao': 'KJFK', 'terminal': '5', 'gate': '515', 'delay': 54, 'scheduled': '2025-09-08T20:59:00+00:00', 'estimated': '2025-09-08T20:59:00+00:00', 'actual': '2025-09-08T21:53:00+00:00', 'estimated_runway': '2025-09-08T21:53:00+00:00', 'actual_runway': '2025-09-08T21:53:00+00:00'}","{'airport': 'Heathrow', 'timezone': 'Europe/London', 'iata': 'LHR', 'icao': 'EGLL', 'terminal': '2', 'gate': 'A17', 'baggage': '8', 'scheduled': '2025-09-09T09:30:00+00:00', 'delay': None, 'estimated': '2025-09-09T08:49:00+00:00', 'actual': '2025-09-09T08:49:00+00:00', 'estimated_runway': '2025-09-09T08:49:00+00:00', 'actual_runway': '2025-09-09T08:49:00+00:00'}","{'name': 'JetBlue Airways', 'iata': 'B6', 'icao': 'JBU'}","{'number': '7', 'iata': 'B67', 'icao': 'JBU7', 'codeshared': None}",,
2025-09-08,landed,"{'airport': 'John F Kennedy International', 'timezone': 'America/New_York', 'iata': 'JFK', 'icao': 'KJFK', 'terminal': '8', 'gate': None, 'delay': 32, 'scheduled': '2025-09-08T21:30:00+00:00', 'estimated': '2025-09-08T21:30:00+00:00', 'actual': '2025-09-08T22:01:00+00:00', 'estimated_runway': '2025-09-08T22:01:00+00:00', 'actual_runway': '2025-09-08T22:01:00+00:00'}","{'airport': 'Heathrow', 'timezone': 'Europe/London', 'iata': 'LHR', 'icao': 'EGLL', 'terminal': '5', 'gate': None, 'baggage': '4', 'scheduled': '2025-09-09T09:40:00+00:00', 'delay': None, 'estimated': '2025-09-09T08:35:00+00:00', 'actual': '2025-09-09T08:35:00+00:00', 'estimated_runway': '2025-09-09T08:35:00+00:00', 'actual_runway': '2025-09-09T08:35:00+00:00'}","{'name': 'Finnair', 'iata': 'AY', 'icao': 'FIN'}","{'number': '5514', 'iata': 'AY5514', 'icao': 'FIN5514', 'codeshared': {'airline_name': 'british airways', 'airline_iata': 'ba', 'airline_icao': 'baw', 'flight_number': '114', 'flight_iata': 'ba114', 'flight_icao': 'baw114'}}",,
2025-09-08,landed,"{'airport': 'John F Kennedy International', 'timezone': 'America/New_York', 'iata': 'JFK', 'icao': 'KJFK', 'terminal': '8', 'gate': None, 'delay': 32, 'scheduled': '2025-09-08T21:30:00+00:00', 'estimated': '2025-09-08T21:30:00+00:00', 'actual': '2025-09-08T22:01:00+00:00', 'estimated_runway': '2025-09-08T22:01:00+00:00', 'actual_runway': '2025-09-08T22:01:00+00:00'}","{'airport': 'Heathrow', 'timezone': 'Europe/London', 'iata': 'LHR', 'icao': 'EGLL', 'terminal': '5', 'gate': None, 'baggage': '4', 'scheduled': '2025-09-09T09:40:00+00:00', 'delay': None, 'estimated': '2025-09-09T08:35:00+00:00', 'actual': '2025-09-09T08:35:00+00:00', 'estimated_runway': '2025-09-09T08:35:00+00:00', 'actual_runway': '2025-09-09T08:35:00+00:00'}","{'name': 'Aer Lingus', 'iata': 'EI', 'icao': 'EIN'}","{'number': '8814', 'iata': 'EI8814', 'icao': 'EIN8814', 'codeshared': {'airline_name': 'british airways', 'airline_iata': 'ba', 'airline_icao': 'baw', 'flight_number': '114', 'flight_iata': 'ba114', 'flight_icao': 'baw114'}}",,
2025-09-08,landed,"{'airport': 'John F Kennedy International', 'timezone': 'America/New_York', 'iata': 'JFK', 'icao': 'KJFK', 'terminal': '8', 'gate': None, 'delay': 32, 'scheduled': '2025-09-08T21:30:00+00:00', 'estimated': '2025-09-08T21:30:00+00:00', 'actual': '2025-09-08T22:01:00+00:00', 'estimated_runway': '2025-09-08T22:01:00+00:00', 'actual_runway': '2025-09-08T22:01:00+00:00'}","{'airport': 'Heathrow', 'timezone': 'Europe/London', 'iata': 'LHR', 'icao': 'EGLL', 'terminal': '5', 'gate': None, 'baggage': '4', 'scheduled': '2025-09-09T09:40:00+00:00', 'delay': None, 'estimated': '2025-09-09T08:35:00+00:00', 'actual': '2025-09-09T08:35:00+00:00', 'estimated_runway': '2025-09-09T08:35:00+00:00', 'actual_runway': '2025-09-09T08:35:00+00:00'}","{'name': 'Iberia', 'iata': 'IB', 'icao': 'IBE'}","{'number': '3542', 'iata': 'IB3542', 'icao': 'IBE3542', 'codeshared': {'airline_name': 'british airways', 'airline_iata': 'ba', 'airline_icao': 'baw', 'flight_number': '114', 'flight_iata': 'ba114', 'flight_icao': 'baw114'}}",,
2025-09-08,landed,"{'airport': 'John F Kennedy International', 'timezone': 'America/New_York', 'iata': 'JFK', 'icao': 'KJFK', 'terminal': '8', 'gate': None, 'delay': 32, 'scheduled': '2025-09-08T21:30:00+00:00', 'estimated': '2025-09-08T21:30:00+00:00', 'actual': '2025-09-08T22:01:00+00:00', 'estimated_runway': '2025-09-08T22:01:00+00:00', 'actual_runway': '2025-09-08T22:01:00+00:00'}","{'airport': 'Heathrow', 'timezone': 'Europe/London', 'iata': 'LHR', 'icao': 'EGLL', 'terminal': '5', 'gate': None, 'baggage': '4', 'scheduled': '2025-09-09T09:40:00+00:00', 'delay': None, 'estimated': '2025-09-09T08:35:00+00:00', 'actual': '2025-09-09T08:35:00+00:00', 'estimated_runway': '2025-09-09T08:35:00+00:00', 'actual_runway': '2025-09-09T08:35:00+00:00'}","{'name': 'American Airlines', 'iata': 'AA', 'icao': 'AAL'}","{'number': '6914', 'iata': 'AA6914', 'icao': 'AAL6914', 'codeshared': {'airline_name': 'british airways', 'airline_iata': 'ba', 'airline_icao': 'baw', 'flight_number': '114', 'flight_iata': 'ba114', 'flight_icao': 'baw114'}}",,
2025-09-08,landed,"{'airport': 'John F Kennedy International', 'timezone': 'America/New_York', 'iata': 'JFK', 'icao': 'KJFK', 'terminal': '8', 'gate': None, 'delay': 32, 'scheduled': '2025-09-08T21:30:00+00:00', 'estimated': '2025-09-08T21:30:00+00:00', 'actual': '2025-09-08T22:01:00+00:00', 'estimated_runway': '2025-09-08T22:01:00+00:00', 'actual_runway': '2025-09-08T22:01:00+00:00'}","{'airport': 'Heathrow', 'timezone': 'Europe/London', 'iata': 'LHR', 'icao': 'EGLL', 'terminal': '5', 'gate': None, 'baggage': '4', 'scheduled': '2025-09-09T09:40:00+00:00', 'delay': None, 'estimated': '2025-09-09T08:35:00+00:00', 'actual': '2025-09-09T08:35:00+00:00', 'estimated_runway': '2025-09-09T08:35:00+00:00', 'actual_runway': '2025-09-09T08:35:00+00:00'}","{'name': 'AlphaSky', 'iata': 'AS', 'icao': 'JAG'}","{'number': '5252', 'iata': 'AS5252', 'icao': 'JAG5252', 'codeshared': {'airline_name': 'british airways', 'airline_iata': 'ba', 'airline_icao': 'baw', 'flight_number': '114', 'flight_iata': 'ba114', 'flight_icao': 'baw114'}}",,
2025-09-08,landed,"{'airport': 'John F Kennedy International', 'timezone': 'America/New_York', 'iata': 'JFK', 'icao': 'KJFK', 'terminal': '8', 'gate': None, 'delay': 32, 'scheduled': '2025-09-08T21:30:00+00:00', 'estimated': '2025-09-08T21:30:00+00:00', 'actual': '2025-09-08T22:01:00+00:00', 'estimated_runway': '2025-09-08T22:01:00+00:00', 'actual_runway': '2025-09-08T22:01:00+00:00'}","{'airport': 'Heathrow', 'timezone': 'Europe/London', 'iata': 'LHR', 'icao': 'EGLL', 'terminal': '5', 'gate': None, 'baggage': '4', 'scheduled': '2025-09-09T09:40:00+00:00', 'delay': None, 'estimated': '2025-09-09T08:35:00+00:00', 'actual': '2025-09-09T08:35:00+00:00', 'estimated_runway': '2025-09-09T08:35:00+00:00', 'actual_runway': '2025-09-09T08:35:00+00:00'}","{'name': 'British Airways', 'iata': 'BA', 'icao': 'BAW'}","{'number': '114', 'iata': 'BA114', 'icao': 'BAW114', 'codeshared': None}",,
